household_id,stdorToU,Acorn,Acorn_grouped,file
MAC000015,ToU,ACORN-E,Affluent,block_19
MAC000017,ToU,ACORN-C,Affluent,block_5
MAC000018,Std,ACORN-E,Affluent,block_31
MAC000019,Std,ACORN-K,Adversity,block_76
MAC000020,Std,ACORN-J,Comfortable,block_72
MAC000021,Std,ACORN-E,Affluent,block_37
MAC000022,Std,ACORN-Q,Adversity,block_94
MAC000023,Std,ACORN-U,ACORN-U,block_111
MAC000024,Std,ACORN-E,Affluent,block_38
MAC000025,Std,ACORN-P,Adversity,block_93
MAC000026,Std,ACORN-D,Affluent,block_9
MAC000027,Std,ACORN-J,Comfortable,block_71
MAC000029,Std,ACORN-P,Adversity,block_92
MAC000030,Std,ACORN-A,Affluent,block_2
MAC000031,ToU,ACORN-Q,Adversity,block_110
MAC000032,Std,ACORN-Q,Adversity,block_94
MAC000033,Std,ACORN-E,Affluent,block_36
MAC000034,Std,ACORN-E,Affluent,block_36
MAC000035,Std,ACORN-E,Affluent,block_36
MAC000036,Std,ACORN-E,Affluent,block_36
MAC000037,Std,ACORN-E,Affluent,block_38
MAC000038,Std,ACORN-L,Adversity,block_80
MAC000039,Std,ACORN-F,Comfortable,block_55
MAC000040,Std,ACORN-A,Affluent,block_2
MAC000041,Std,ACORN-Q,Adversity,block_98
MAC000042,Std,ACORN-Q,Adversity,block_98
MAC000043,Std,ACORN-H,Comfortable,block_62
MAC000044,ToU,ACORN-F,Comfortable,block_54
MAC000045,Std,ACORN-E,Affluent,block_36
MAC000046,ToU,ACORN-N,Adversity,block_87
MAC000047,Std,ACORN-Q,Adversity,block_97
MAC000048,ToU,ACORN-E,Affluent,block_20
MAC000049,Std,ACORN-E,Affluent,block_35
MAC000051,ToU,ACORN-F,Comfortable,block_54
MAC000052,ToU,ACORN-D,Affluent,block_9
MAC000053,Std,ACORN-F,Comfortable,block_54
MAC000054,Std,ACORN-Q,Adversity,block_96
MAC000055,Std,ACORN-K,Adversity,block_76
MAC000056,Std,ACORN-Q,Adversity,block_96
MAC000057,Std,ACORN-E,Affluent,block_35
MAC000058,Std,ACORN-E,Affluent,block_34
MAC000059,Std,ACORN-H,Comfortable,block_64
MAC000060,Std,ACORN-F,Comfortable,block_56
MAC000061,Std,ACORN-Q,Adversity,block_96
MAC000062,Std,ACORN-H,Comfortable,block_64
MAC000064,ToU,ACORN-E,Affluent,block_20
MAC000066,Std,ACORN-E,Affluent,block_36
MAC000067,Std,ACORN-N,Adversity,block_87
MAC000068,Std,ACORN-L,Adversity,block_77
MAC000069,Std,ACORN-G,Comfortable,block_59
MAC000070,Std,ACORN-H,Comfortable,block_63
MAC000072,Std,ACORN-E,Affluent,block_31
MAC000073,Std,ACORN-D,Affluent,block_7
MAC000074,Std,ACORN-H,Comfortable,block_63
MAC000075,ToU,ACORN-E,Affluent,block_20
MAC000076,ToU,ACORN-E,Affluent,block_20
MAC000077,Std,ACORN-Q,Adversity,block_106
MAC000078,Std,ACORN-E,Affluent,block_33
MAC000081,Std,ACORN-K,Adversity,block_75
MAC000083,Std,ACORN-J,Comfortable,block_73
MAC000084,Std,ACORN-D,Affluent,block_7
MAC000085,Std,ACORN-D,Affluent,block_8
MAC000086,Std,ACORN-E,Affluent,block_40
MAC000087,Std,ACORN-E,Affluent,block_40
MAC000088,ToU,ACORN-Q,Adversity,block_110
MAC000089,Std,ACORN-H,Comfortable,block_62
MAC000090,Std,ACORN-Q,Adversity,block_104
MAC000091,Std,ACORN-H,Comfortable,block_62
MAC000092,Std,ACORN-Q,Adversity,block_105
MAC000093,Std,ACORN-H,Comfortable,block_64
MAC000096,Std,ACORN-C,Affluent,block_6
MAC000097,Std,ACORN-G,Comfortable,block_58
MAC000098,Std,ACORN-F,Comfortable,block_50
MAC000100,Std,ACORN-N,Adversity,block_87
MAC000101,Std,ACORN-L,Adversity,block_78
MAC000102,Std,ACORN-Q,Adversity,block_108
MAC000104,Std,ACORN-Q,Adversity,block_108
MAC000105,Std,ACORN-D,Affluent,block_9
MAC000108,Std,ACORN-J,Comfortable,block_72
MAC000110,Std,ACORN-A,Affluent,block_2
MAC000111,Std,ACORN-M,Adversity,block_84
MAC000112,Std,ACORN-A,Affluent,block_2
MAC000113,Std,ACORN-E,Affluent,block_13
MAC000115,Std,ACORN-L,Adversity,block_79
MAC000116,Std,ACORN-E,Affluent,block_25
MAC000117,Std,ACORN-L,Adversity,block_77
MAC000118,Std,ACORN-G,Comfortable,block_60
MAC000122,Std,ACORN-E,Affluent,block_30
MAC000124,ToU,ACORN-H,Comfortable,block_64
MAC000125,Std,ACORN-F,Comfortable,block_44
MAC000126,Std,ACORN-E,Affluent,block_28
MAC000128,Std,ACORN-H,Comfortable,block_63
MAC000129,Std,ACORN-E,Affluent,block_25
MAC000131,Std,ACORN-E,Affluent,block_22
MAC000132,Std,ACORN-E,Affluent,block_22
MAC000137,Std,ACORN-H,Comfortable,block_64
MAC000143,Std,ACORN-F,Comfortable,block_47
MAC000145,Std,ACORN-F,Comfortable,block_47
MAC000147,ToU,ACORN-F,Comfortable,block_53
MAC000148,Std,ACORN-F,Comfortable,block_47
