date,temperatureMax,temperatureMin,cloudCover,windSpeed,humidity,precipType,pressure,visibility,dewPoint
2012-11-25,12.54,7.46,0.54,6.54,0.81,rain,1001.79,12.36,6.88
2012-05-18,16.42,10.59,0.65,0.61,0.78,rain,1009.32,10.12,9.48
2012-07-13,16.44,13.13,0.63,1.68,0.88,rain,1004.61,11.91,12.58
2012-09-22,12.31,8.85,0.48,4.46,0.86,rain,1009.6,10.62,8.42
2012-05-25,24.64,15.06,0.0,5.15,0.58,rain,1020.27,12.01,10.24
2012-11-20,13.46,10.88,0.76,5.74,0.9,rain,1008.74,10.81,10.63
2012-05-02,9.19,7.99,0.82,2.7,0.9,rain,1012.04,9.04,7.14
2012-04-18,9.93,6.47,0.67,3.78,0.91,rain,984.05,10.7,6.34
2012-05-04,9.71,6.21,0.63,4.28,0.73,rain,1009.49,13.15,2.9
2012-04-13,11.62,5.67,0.47,3.41,0.72,rain,1007.83,10.62,3.07
2012-11-01,11.46,4.2,0.44,4.07,0.85,rain,979.63,12.54,5.06
2012-05-24,24.14,15.81,0.09,4.88,0.64,rain,1023.35,9.83,12.14
2012-04-08,10.81,8.31,0.72,5.9,0.89,rain,997.57,11.15,7.97
2012-08-13,23.97,17.62,0.44,2.31,0.75,rain,1011.08,11.8,15.33
2012-08-16,27.23,17.92,0.45,3.71,0.63,rain,1013.84,13.08,14.11
2012-07-10,18.75,12.07,0.48,4.03,0.79,rain,1010.87,13.0,10.82
2012-08-27,22.5,14.97,0.39,4.17,0.75,rain,1012.79,12.63,13.49
2012-11-06,9.67,0.92,0.33,3.58,0.87,rain,1020.29,10.41,3.89
2012-04-20,12.45,3.78,0.35,3.63,0.73,rain,997.0,12.76,3.41
2012-03-25,18.18,3.84,0.15,2.85,0.71,rain,1036.22,8.16,4.3
2012-03-15,16.79,2.82,0.32,1.41,0.82,rain,1024.51,3.2,5.72
2012-09-02,24.34,15.69,0.5,1.15,0.72,rain,1025.68,10.48,13.16
2012-06-22,18.12,11.01,0.33,5.55,0.71,rain,1019.39,13.23,9.17
2012-10-01,16.44,10.87,0.39,5.09,0.85,rain,1010.12,12.55,10.9
2012-08-02,21.77,13.09,0.33,4.37,0.73,rain,1012.49,12.63,12.09
2012-04-15,10.94,1.96,0.37,0.59,0.59,rain,1024.8,12.78,-1.87
2012-09-08,27.78,11.32,0.22,2.97,0.67,rain,1011.85,12.2,10.83
2012-12-07,6.33,2.97,0.56,5.63,0.8,rain,1001.72,12.84,1.59
2012-12-16,9.82,5.32,0.39,3.07,0.89,rain,999.72,12.86,5.42
2012-07-21,22.86,12.24,0.22,3.0,0.66,rain,1026.73,12.6,10.53
2012-05-16,14.06,7.11,0.42,2.52,0.66,rain,1017.46,12.76,4.54
2012-03-30,11.09,6.58,0.61,3.31,0.71,rain,1019.84,11.22,3.71
2012-09-27,17.07,9.03,0.39,4.08,0.85,rain,1012.91,12.84,9.78
2012-03-19,13.27,1.69,0.17,2.68,0.68,rain,1032.01,11.46,1.41
2012-10-13,12.32,2.81,0.2,2.36,0.8,rain,1002.5,11.86,4.1
2012-06-03,13.89,7.64,0.56,3.37,0.79,rain,1013.69,10.86,6.87
2012-11-13,14.66,10.06,0.54,3.23,0.88,rain,1026.29,11.49,10.34
2012-04-17,10.01,6.27,0.6,5.1,0.87,rain,982.22,11.86,5.74
2012-04-29,17.15,8.68,0.32,4.69,0.68,rain,1012.09,13.13,7.05
2012-11-03,9.45,3.22,0.25,3.16,0.79,rain,996.52,12.71,2.79
2012-04-27,10.03,6.46,0.74,4.9,0.92,rain,1014.81,9.06,7.3
2012-09-09,20.21,16.93,0.59,5.69,0.78,rain,1010.15,12.65,14.19
2012-06-30,17.88,11.01,0.31,5.06,0.7,rain,1014.12,13.2,9.31
2012-03-20,14.48,4.33,0.34,2.42,0.72,rain,1034.75,13.05,4.41
2012-07-11,18.67,10.04,0.5,3.27,0.8,rain,1012.07,12.34,10.29
2012-06-13,18.08,8.7,0.35,4.6,0.71,rain,1016.24,12.6,8.21
2012-07-29,19.69,9.86,0.31,4.22,0.65,rain,1015.19,12.92,7.83
2012-12-21,9.69,6.3,0.44,3.21,0.91,rain,1009.54,12.15,6.22
2012-10-30,10.92,5.57,0.45,2.37,0.84,rain,1004.48,11.25,5.0
2012-03-26,18.26,5.32,0.14,2.09,0.53,rain,1036.33,11.64,1.49
2012-08-01,21.29,15.61,0.45,4.71,0.74,rain,1010.31,12.63,13.13
2012-04-25,13.89,9.23,0.56,7.61,0.77,rain,993.73,12.5,6.93
2012-07-06,18.65,13.42,0.54,3.33,0.81,rain,1007.26,11.28,12.54
2012-10-12,11.53,6.41,0.29,2.18,0.84,rain,1004.92,12.94,6.15
2012-10-05,14.89,7.61,0.4,1.75,0.83,rain,1012.51,11.06,7.3
2012-12-13,1.58,-1.35,0.6,2.09,0.87,snow,1005.66,6.78,-1.81
2012-05-10,15.88,9.37,0.45,5.09,0.64,rain,1021.32,13.31,6.23
2012-03-18,9.76,3.98,0.38,1.84,0.82,rain,1017.33,11.57,3.89
2012-09-17,17.19,10.97,0.28,4.39,0.64,rain,1013.39,13.02,6.77
2012-04-24,11.94,6.55,0.57,5.44,0.88,rain,988.28,11.22,6.86
2012-09-07,27.12,10.41,0.14,1.39,0.62,rain,1020.6,12.36,9.27
2012-09-23,15.2,11.51,0.66,2.53,0.88,rain,989.47,8.1,11.14
2012-05-14,11.27,5.92,0.41,3.89,0.81,rain,1015.41,12.79,4.71
2012-06-29,20.13,13.61,0.48,5.76,0.71,rain,1008.1,12.92,11.43
2012-09-13,20.69,13.61,0.56,5.42,0.68,rain,1013.51,13.31,10.23
2012-11-29,5.84,1.63,0.36,3.2,0.83,rain,1012.58,12.92,0.73
2012-05-09,17.12,14.44,0.79,6.59,0.9,rain,1009.21,10.9,13.92
2012-09-28,15.83,8.71,0.17,3.36,0.75,rain,1017.85,13.21,6.81
2012-03-27,21.14,4.88,0.1,0.82,0.49,rain,1032.69,12.62,1.45
2012-11-17,12.44,8.18,0.65,1.69,0.88,rain,1007.72,9.32,8.66
2012-05-11,14.44,5.69,0.16,2.6,0.58,rain,1036.68,13.23,1.98
2012-05-13,11.41,6.94,0.43,4.56,0.8,rain,1016.78,12.89,6.17
2012-07-28,17.92,10.97,0.3,3.53,0.75,rain,1011.76,12.97,9.81
2012-06-25,22.92,14.04,0.56,2.82,0.69,rain,1019.93,12.83,12.14
2012-11-14,12.62,7.33,0.55,1.86,0.86,rain,1026.48,9.21,8.13
2012-11-18,9.42,2.07,0.3,0.72,0.82,rain,1014.66,12.57,2.5
2012-06-08,17.92,11.02,0.38,6.62,0.61,rain,1009.44,13.12,6.44
2012-11-26,10.69,7.17,0.64,1.29,0.91,rain,998.27,11.31,7.1
2012-06-27,27.16,16.23,0.31,3.03,0.75,rain,1005.5,12.79,16.52
2012-04-22,9.67,6.89,0.63,2.4,0.86,rain,995.32,11.68,5.63
2012-04-11,12.13,3.68,0.32,1.31,0.77,rain,1002.96,12.02,4.07
2012-09-21,15.62,6.59,0.28,1.98,0.69,rain,1019.37,12.97,5.38
2012-04-07,13.08,6.52,0.72,2.85,0.81,rain,1012.36,10.83,6.43
2012-12-02,4.76,-1.55,0.31,2.1,0.84,rain,1016.35,12.81,-1.13
2012-11-04,8.67,2.96,0.59,0.59,0.92,rain,994.21,9.99,3.97
2012-12-29,11.97,7.28,0.59,7.6,0.83,rain,1004.18,12.5,7.41
2012-05-28,22.37,14.25,0.33,1.06,0.73,rain,1017.29,11.57,12.93
2012-06-12,17.51,7.54,0.32,1.01,0.67,rain,1016.35,12.6,6.68
2012-09-24,15.47,9.74,0.28,4.92,0.78,rain,988.79,13.13,8.56
2012-12-26,10.18,4.83,0.39,5.05,0.88,rain,1004.15,12.94,5.73
2012-05-15,13.46,3.89,0.31,2.65,0.64,rain,1025.11,12.96,2.52
2012-08-20,22.09,16.27,0.34,2.54,0.75,rain,1017.69,12.52,13.99
2012-06-21,17.53,11.44,0.54,7.04,0.78,rain,1010.38,12.92,10.62
2012-10-09,14.13,7.04,0.56,2.16,0.74,rain,1015.24,13.21,6.21
2012-05-20,16.22,9.32,0.75,4.53,0.82,rain,1009.14,10.69,9.33
2012-04-03,10.18,3.57,0.49,1.03,0.75,rain,1006.81,11.47,3.03
2012-11-23,10.7,5.12,0.38,2.71,0.89,rain,1011.69,11.46,6.02
2012-10-21,14.73,12.02,0.9,2.57,0.98,rain,1019.88,1.48,13.32
2012-08-22,22.04,12.96,0.37,2.6,0.7,rain,1014.56,12.83,11.29
2012-09-30,16.24,12.37,0.61,4.57,0.89,rain,1012.11,11.43,12.43
2012-07-31,22.57,13.69,0.41,3.24,0.79,rain,1009.58,11.3,13.95
2012-11-15,9.07,6.45,0.71,0.62,0.92,rain,1022.69,4.06,5.96
2012-06-10,13.28,10.97,0.85,4.37,0.95,rain,1002.0,6.37,11.57
2012-06-28,20.96,13.96,0.44,6.24,0.75,rain,1004.93,13.04,12.33
2012-03-24,18.83,6.42,0.08,2.12,0.74,rain,1028.59,6.12,6.81
2012-08-26,20.99,12.62,0.32,3.82,0.75,rain,1014.33,12.46,12.62
2012-08-18,28.88,17.97,0.21,0.76,0.72,rain,1015.16,12.28,17.77
2012-11-21,11.87,6.06,0.45,2.82,0.91,rain,1007.68,10.65,7.8
2012-06-18,20.35,10.1,0.31,1.97,0.68,rain,1019.22,12.84,9.32
2012-10-07,12.22,9.51,0.61,2.49,0.92,rain,1015.27,7.84,10.23
2012-04-14,9.12,3.3,0.25,4.65,0.66,rain,1019.5,13.33,0.21
2012-08-05,20.95,14.77,0.41,3.26,0.77,rain,1009.08,12.78,12.89
2012-08-14,22.57,17.38,0.26,2.67,0.77,rain,1006.5,11.96,15.23
2012-09-29,16.46,6.42,0.48,4.6,0.81,rain,1019.0,13.15,8.66
2012-12-10,5.59,1.55,0.27,3.93,0.79,rain,1022.18,13.18,0.61
2012-06-11,12.87,10.46,0.8,3.69,0.83,rain,1008.62,11.81,8.79
2012-10-02,14.34,9.35,0.36,4.65,0.8,rain,1005.61,12.99,8.97
2012-09-26,16.61,10.57,0.48,2.17,0.82,rain,1006.39,11.41,9.5
2012-10-18,13.21,11.98,0.66,0.51,0.95,rain,1007.63,8.42,11.64
2012-11-09,11.27,8.13,0.7,3.17,0.8,rain,1010.05,13.37,6.21
2012-12-11,2.7,-2.49,0.29,1.67,0.89,snow,1029.42,6.18,-1.19
2012-08-10,22.91,15.21,0.24,4.3,0.67,rain,1020.96,11.97,12.38
2012-04-12,12.02,3.97,0.45,0.65,0.77,rain,1005.09,8.8,3.93
2012-11-10,10.31,5.2,0.49,2.38,0.91,rain,997.84,11.78,7.38
2012-12-15,11.17,6.91,0.39,4.93,0.86,rain,991.49,13.15,6.32
2012-04-30,17.24,11.28,0.61,1.85,0.84,rain,1015.82,9.29,10.76
2012-04-02,12.92,5.04,0.31,1.72,0.75,rain,1003.25,11.12,4.77
2012-07-20,19.89,11.83,0.36,0.9,0.7,rain,1023.63,12.5,9.86
2012-08-23,20.27,14.07,0.44,2.88,0.76,rain,1005.28,12.34,12.3
2012-05-06,14.48,5.2,0.52,2.54,0.82,rain,1014.29,11.64,6.55
2012-07-27,21.09,14.93,0.44,2.52,0.55,rain,1010.56,13.26,8.16
2012-10-14,13.03,4.09,0.31,2.97,0.84,rain,1002.67,12.17,6.39
2012-07-01,17.58,12.47,0.56,4.51,0.83,rain,1015.49,11.97,12.17
2012-11-22,13.09,6.56,0.54,7.58,0.81,rain,1011.36,12.73,7.94
2012-10-27,9.17,1.43,0.42,3.13,0.88,rain,1015.62,12.68,3.96
2012-12-31,9.24,4.22,0.38,4.55,0.81,rain,1007.65,13.15,3.28
2012-10-24,13.61,10.09,0.81,5.16,0.91,rain,1016.51,7.9,10.89
2012-10-22,14.05,12.46,0.88,2.3,0.96,rain,1023.66,1.82,12.61
2012-04-05,12.28,0.34,0.35,2.48,0.65,rain,1016.01,13.05,0.39
2012-11-24,9.91,3.64,0.58,3.43,0.97,rain,1010.19,5.7,6.52
2012-09-01,18.35,12.57,0.56,3.11,0.87,rain,1024.58,12.07,13.66
2012-03-21,15.62,7.44,0.47,1.87,0.67,rain,1034.03,12.6,4.93
2012-08-17,29.86,20.54,0.23,2.17,0.59,rain,1013.75,12.87,15.92
2012-04-28,14.89,5.99,0.7,4.98,0.86,rain,1004.79,10.28,6.86
2012-12-08,6.46,3.17,0.52,2.14,0.83,rain,1023.19,12.39,1.79
2012-05-23,25.45,15.36,0.31,1.93,0.78,rain,1025.75,7.47,15.89
2012-05-03,9.02,7.38,0.78,2.56,0.86,rain,1006.82,10.57,5.93
2012-07-26,23.79,15.93,0.36,1.48,0.75,rain,1012.66,9.75,15.07
2012-06-09,17.22,8.91,0.4,1.56,0.78,rain,1008.58,11.46,9.33
2012-06-06,17.29,12.6,0.6,4.24,0.86,rain,998.19,11.15,12.18
2012-06-19,21.16,11.47,0.32,2.63,0.64,rain,1016.69,12.33,9.49
2012-07-05,18.7,14.78,0.39,2.46,0.82,rain,1007.45,11.89,13.22
2012-12-17,9.1,5.62,0.32,3.79,0.86,rain,1001.69,12.71,4.71
2012-12-23,13.08,9.34,0.53,5.51,0.86,rain,1003.59,12.73,9.3
2012-07-02,18.81,15.43,0.78,3.64,0.9,rain,1013.77,11.54,15.16
2012-11-12,12.18,4.52,0.5,3.06,0.92,rain,1020.98,10.04,7.51
2012-07-25,26.44,15.93,0.12,2.8,0.61,rain,1018.08,11.7,12.8
2012-05-19,12.18,9.06,0.87,4.33,0.82,rain,1010.67,12.73,7.63
2012-07-22,27.18,12.47,0.19,3.21,0.58,rain,1023.04,12.71,10.92
2012-06-23,19.88,11.65,0.54,4.44,0.77,rain,1012.31,12.12,11.14
2012-06-01,17.54,11.83,0.71,4.71,0.81,rain,1014.89,9.29,10.58
2012-08-15,21.67,16.02,0.42,4.22,0.71,rain,1014.08,12.84,13.28
2012-06-02,12.19,10.97,0.82,4.54,0.95,rain,1007.36,6.18,10.73
2012-08-09,24.99,14.5,0.23,0.55,0.7,rain,1026.05,11.7,13.77
2012-07-08,18.0,14.38,0.61,3.31,0.85,rain,1010.95,11.28,13.52
2012-06-16,19.44,12.46,0.48,4.86,0.67,rain,1016.26,13.33,9.47
2012-04-19,12.46,5.34,0.37,3.28,0.83,rain,993.06,11.52,5.19
2012-11-08,12.34,7.81,0.64,3.72,0.78,rain,1019.18,13.36,6.19
2012-09-03,24.79,13.71,0.42,1.9,0.77,rain,1023.55,11.41,14.14
2012-10-15,14.74,9.06,0.39,5.37,0.74,rain,1000.8,12.59,6.91
2012-07-09,17.46,13.28,0.55,3.33,0.84,rain,1010.77,12.18,12.53
2012-07-19,17.77,13.12,0.54,1.52,0.79,rain,1016.21,12.18,11.44
2012-08-07,22.8,15.03,0.54,1.73,0.77,rain,1022.61,11.43,14.56
2012-10-04,15.6,9.16,0.61,3.0,0.86,rain,1006.96,10.11,10.05
2012-12-06,4.84,-2.82,0.43,3.07,0.84,rain,1013.58,12.55,-1.32
2012-09-18,16.3,7.35,0.27,3.65,0.63,rain,1021.81,12.99,4.66
2012-03-29,17.12,7.81,0.16,1.28,0.71,rain,1024.2,7.5,6.67
2012-07-17,18.52,14.91,0.72,5.3,0.85,rain,1013.52,12.47,14.28
2012-11-27,8.47,6.42,0.72,3.98,0.9,rain,1003.65,9.69,5.98
2012-06-14,17.59,12.91,0.47,4.96,0.78,rain,1008.12,12.31,11.11
2012-10-19,14.01,9.57,0.61,0.86,0.91,rain,1015.85,8.01,10.16
2012-09-04,19.97,12.07,0.27,3.26,0.6,rain,1026.74,12.5,7.83
2012-09-10,17.82,11.73,0.37,4.84,0.62,rain,1012.33,13.18,8.07
2012-12-25,9.14,6.46,0.56,4.39,0.89,rain,995.66,13.07,6.27
2012-10-29,12.4,7.66,0.45,2.95,0.89,rain,1008.71,12.49,7.73
2012-11-02,9.78,4.61,0.23,4.31,0.77,rain,991.25,12.96,2.96
2012-04-16,13.77,5.16,0.42,4.94,0.71,rain,1002.45,12.55,2.85
2012-06-17,18.87,11.17,0.43,2.39,0.73,rain,1016.94,12.49,9.48
2012-10-08,14.23,9.07,0.58,2.66,0.82,rain,1015.96,10.12,8.4
2012-12-24,12.3,7.57,0.61,4.28,0.91,rain,999.12,10.85,8.28
2012-12-27,7.97,6.42,0.51,4.09,0.84,rain,1005.46,12.46,4.81
2012-10-23,16.18,13.08,0.74,3.45,0.92,rain,1019.7,2.45,12.82
2012-12-12,1.8,-3.83,0.45,0.73,0.91,snow,1020.51,6.49,-2.29
2012-07-04,22.33,15.2,0.48,1.35,0.71,rain,1009.33,12.73,12.99
2012-10-31,12.36,6.45,0.49,5.32,0.79,rain,989.93,12.99,6.24
2012-09-16,18.72,13.29,0.55,4.04,0.71,rain,1012.36,13.07,10.06
2012-09-19,17.38,9.07,0.45,3.17,0.7,rain,1020.9,13.0,7.24
2012-08-31,20.53,13.11,0.55,2.53,0.72,rain,1026.14,13.15,11.33
2012-10-11,14.72,8.51,0.48,5.42,0.75,rain,1005.33,13.07,7.08
2012-08-11,25.13,16.03,0.24,2.43,0.7,rain,1012.34,11.18,14.21
2012-08-08,25.92,13.33,0.27,0.52,0.69,rain,1025.62,11.47,13.31
2012-08-19,24.54,16.96,0.34,2.78,0.75,rain,1019.31,12.5,15.64
2012-04-09,12.9,5.94,0.37,5.0,0.7,rain,990.03,13.18,3.93
2012-03-17,10.75,7.37,0.52,3.44,0.87,rain,1012.96,9.3,6.99
2012-05-12,16.26,5.49,0.19,3.29,0.62,rain,1030.8,12.76,3.74
2012-12-18,7.96,4.66,0.62,2.17,0.86,rain,1014.41,11.65,4.36
2012-08-25,21.01,14.26,0.51,4.39,0.69,rain,1014.38,13.2,10.74
2012-06-05,18.13,12.52,0.52,4.58,0.82,rain,1002.58,11.86,11.78
2012-12-03,10.22,2.94,0.58,3.55,0.87,rain,1007.42,10.67,4.75
2012-12-22,13.07,6.04,0.67,3.91,0.96,rain,1005.25,10.15,9.32
2012-12-30,10.9,5.44,0.37,6.82,0.77,rain,1009.95,13.2,3.9
2012-04-23,12.48,6.99,0.57,2.91,0.76,rain,996.88,11.75,4.68
2012-07-07,18.77,14.28,0.55,1.08,0.89,rain,1005.49,10.94,14.02
2012-09-15,18.31,12.98,0.66,3.88,0.76,rain,1013.26,12.55,11.04
2012-09-14,21.12,9.69,0.22,2.87,0.7,rain,1017.25,12.92,9.53
2012-12-28,12.34,5.45,0.7,4.78,0.89,rain,1016.76,11.46,7.73
2012-11-30,4.37,-0.89,0.25,1.55,0.88,rain,1011.91,10.01,-0.24
2012-12-05,3.89,-0.77,0.39,3.05,0.84,rain,1008.05,11.14,-0.69
2012-03-31,12.88,2.43,0.25,1.15,0.61,rain,1020.81,12.83,-0.04
2012-10-17,16.04,12.15,0.44,4.18,0.85,rain,1001.82,13.23,11.2
2012-09-25,15.14,10.07,0.39,2.57,0.88,rain,992.07,12.44,10.23
2012-08-12,22.68,15.26,0.42,2.92,0.79,rain,1011.16,12.04,14.78
2012-05-29,24.11,12.5,0.4,2.37,0.72,rain,1017.83,9.08,12.61
2012-05-22,25.37,13.47,0.17,2.18,0.75,rain,1022.31,9.46,14.32
2012-09-20,16.32,10.34,0.43,1.47,0.76,rain,1015.46,12.54,8.68
2012-05-30,19.54,13.7,0.48,4.31,0.76,rain,1018.59,12.49,12.02
2012-12-04,7.73,1.21,0.21,4.36,0.82,rain,1003.4,12.89,1.43
2012-05-31,20.08,13.98,0.63,0.84,0.78,rain,1019.08,11.14,12.69
2012-08-04,20.69,12.98,0.34,2.23,0.79,rain,1007.24,11.99,12.76
2012-10-25,10.11,4.19,0.7,5.19,0.79,rain,1012.84,12.33,4.64
2012-12-01,5.73,-1.35,0.31,2.68,0.88,rain,1014.56,8.92,-0.17
2012-07-30,20.19,11.52,0.53,3.03,0.84,rain,1014.62,11.57,13.16
2012-07-03,21.44,15.95,0.66,3.35,0.85,rain,1009.62,11.02,15.78
2012-04-06,10.48,6.86,0.72,2.09,0.75,rain,1012.32,11.64,4.36
2012-05-05,8.37,5.72,0.73,2.75,0.75,rain,1013.88,13.1,2.79
2012-08-03,21.04,14.36,0.41,3.97,0.77,rain,1010.03,12.89,13.09
2012-04-10,12.91,3.57,0.31,1.67,0.7,rain,996.99,13.1,2.74
2012-08-30,17.72,7.78,0.33,3.21,0.6,rain,1028.62,13.02,5.08
2012-03-22,15.81,6.14,0.1,3.71,0.72,rain,1029.23,6.63,5.28
2012-07-12,19.26,14.21,0.58,4.59,0.83,rain,1002.07,12.26,12.88
2012-06-15,17.47,12.57,0.57,7.3,0.72,rain,1008.62,13.13,9.73
2012-04-26,14.84,9.28,0.49,4.14,0.77,rain,1009.84,12.92,7.23
2012-10-16,16.6,8.8,0.42,4.66,0.82,rain,998.22,12.2,9.87
2012-04-01,15.04,3.98,0.24,1.14,0.63,rain,1011.19,12.46,2.18
2012-05-08,15.18,10.78,0.77,3.06,0.92,rain,1008.41,8.14,11.78
2012-08-21,21.48,13.16,0.34,4.6,0.72,rain,1017.28,12.87,11.88
2012-10-20,12.41,10.19,0.69,3.37,0.94,rain,1018.09,9.22,10.32
2012-07-14,18.26,12.44,0.39,3.45,0.69,rain,1015.16,11.97,9.03
2012-11-05,9.19,2.94,0.41,2.09,0.83,rain,1006.26,9.08,3.37
2012-06-20,19.08,11.52,0.59,2.75,0.84,rain,1006.07,9.83,12.86
2012-09-06,25.76,11.46,0.18,2.97,0.63,rain,1024.47,11.75,9.58
2012-12-20,9.57,6.53,0.76,3.54,0.96,rain,1002.52,8.96,7.49
2012-10-03,14.99,7.19,0.28,3.65,0.79,rain,1008.02,12.79,7.55
2012-09-05,20.76,8.67,0.46,1.88,0.67,rain,1028.3,12.41,8.34
2012-12-09,8.66,3.86,0.53,5.44,0.8,rain,1018.89,13.33,3.43
2012-05-17,15.77,9.11,0.46,2.19,0.77,rain,1004.51,11.52,8.52
2012-08-06,19.32,11.49,0.46,3.83,0.78,rain,1019.52,12.89,11.42
2012-12-19,7.44,3.07,0.52,4.02,0.92,rain,1016.68,7.87,4.27
2012-03-28,19.16,6.89,0.19,1.76,0.61,rain,1027.92,10.85,5.11
2012-06-07,15.17,12.28,0.68,8.64,0.78,rain,998.33,12.05,9.71
2012-07-24,29.37,15.74,0.2,0.81,0.57,rain,1016.59,12.31,12.96
2012-08-29,16.92,11.25,0.4,2.65,0.8,rain,1016.19,12.33,11.14
2012-05-01,13.81,9.73,0.78,3.3,0.85,rain,1019.49,8.66,8.57
2012-05-21,24.43,11.44,0.47,3.98,0.75,rain,1014.23,8.93,12.84
2012-04-21,14.03,4.76,0.29,4.35,0.78,rain,1002.51,13.12,4.69
2012-11-16,9.19,5.91,0.9,2.0,0.92,rain,1014.76,3.48,6.3
2012-06-24,21.15,12.11,0.36,2.35,0.7,rain,1017.44,13.18,11.02
2012-06-26,22.66,17.56,0.57,2.94,0.82,rain,1017.53,12.44,16.17
2012-08-24,20.93,15.04,0.52,3.94,0.88,rain,1001.05,12.3,14.85
2012-03-16,9.75,8.5,0.89,4.2,0.76,rain,1018.93,9.4,5.04
2012-08-28,19.69,13.66,0.36,4.15,0.85,rain,1012.74,11.84,12.95
2012-11-07,9.93,4.97,0.47,4.2,0.86,rain,1024.32,12.67,5.79
2012-03-23,19.48,6.74,0.07,1.01,0.74,rain,1026.63,5.05,7.29
2012-12-14,10.34,1.93,0.71,4.22,0.92,rain,985.82,7.45,5.46
2012-09-11,17.92,8.24,0.34,3.93,0.72,rain,1014.64,13.16,7.95
2012-06-04,15.0,7.54,0.51,3.42,0.82,rain,1014.65,11.3,8.14
2012-10-06,13.64,5.27,0.25,0.4,0.87,rain,1021.29,9.98,7.43
2012-05-26,25.98,13.55,0.13,3.3,0.56,rain,1018.48,13.02,10.22
2012-10-10,14.88,9.15,0.71,3.2,0.89,rain,1004.43,8.69,10.58
2012-04-04,8.92,4.61,0.7,4.6,0.76,rain,1018.58,9.64,3.06
2012-07-15,17.06,13.05,0.68,5.27,0.85,rain,1019.8,12.21,12.67
2012-11-19,11.23,3.49,0.5,4.13,0.82,rain,1011.21,12.38,5.32
2012-07-16,22.44,13.92,0.55,4.9,0.77,rain,1022.06,12.81,14.26
2012-11-28,6.89,3.45,0.65,5.17,0.83,rain,1012.91,13.2,3.31
2012-07-18,20.18,13.77,0.48,4.41,0.73,rain,1010.4,12.96,11.56
2012-11-11,9.87,2.1,0.22,1.98,0.88,rain,1011.6,10.32,3.49
2012-10-26,7.68,2.49,0.39,5.79,0.79,rain,1015.91,13.07,1.48
2012-05-07,17.24,10.43,0.51,3.13,0.82,rain,1007.34,12.09,10.02
2012-05-27,25.58,13.89,0.21,0.71,0.62,rain,1017.75,12.12,12.16
2012-07-23,28.32,14.21,0.02,0.87,0.58,rain,1018.25,12.31,12.24
2012-09-12,17.64,8.62,0.37,2.92,0.68,rain,1018.75,12.96,7.18
2013-09-23,21.47,11.53,0.17,1.18,0.89,rain,1016.64,4.39,13.61
2013-07-25,26.19,15.26,0.37,1.6,0.62,rain,1012.42,13.2,12.7
2013-07-08,25.61,12.01,0.13,3.27,0.57,rain,1028.39,14.68,8.84
2013-08-07,23.81,11.83,0.3,1.47,0.63,rain,1019.26,13.52,10.42
2013-01-11,5.7,0.89,0.52,0.4,0.93,rain,1017.62,5.7,1.68
2013-02-28,7.26,2.41,0.64,4.25,0.8,rain,1029.69,12.67,0.96
2013-05-13,10.94,7.36,0.67,3.97,0.8,rain,1003.62,11.38,5.73
2013-01-01,7.49,3.31,0.43,4.0,0.82,rain,1016.89,13.15,2.4
2013-09-19,18.41,9.84,0.51,2.45,0.75,rain,1017.72,12.5,9.13
2013-09-05,18.32,13.26,0.39,1.92,0.81,rain,1008.5,11.17,12.51
2013-08-21,21.13,16.54,0.36,1.09,0.9,rain,1019.89,11.3,16.62
2013-09-04,28.49,15.46,0.12,0.78,0.71,rain,1011.32,9.08,15.23
2013-07-20,26.03,16.84,0.51,3.44,0.71,rain,1019.71,11.64,14.71
2013-12-14,11.33,3.79,0.35,5.45,0.81,rain,1022.45,12.73,5.16
2013-06-22,16.51,12.62,0.7,6.28,0.76,rain,1009.25,12.38,10.42
2013-12-12,8.98,1.52,0.16,2.28,0.94,rain,1024.86,3.14,4.39
2013-08-20,25.57,12.72,0.38,2.36,0.64,rain,1023.87,14.9,11.59
2013-05-22,10.26,6.27,0.49,4.18,0.65,rain,1013.55,12.54,1.88
2013-11-09,7.06,3.28,0.41,1.9,0.9,rain,1006.05,11.43,4.11
2013-02-24,2.35,0.85,0.86,4.47,0.71,rain,1023.88,13.0,-3.17
2013-12-22,10.07,4.81,0.25,5.66,0.73,rain,1009.77,12.68,3.57
2013-06-27,20.16,12.56,0.93,3.46,0.87,rain,1019.73,10.35,13.92
2013-04-03,2.91,0.98,0.55,5.76,0.74,rain,1014.22,10.8,-2.06
2013-01-04,10.79,8.17,0.83,4.28,0.85,rain,1037.15,12.34,7.31
2013-09-22,19.64,13.03,0.52,0.88,0.89,rain,1024.98,9.43,13.87
2013-07-10,21.69,11.99,0.37,3.65,0.64,rain,1025.45,13.94,8.64
2013-05-10,13.18,7.06,0.56,4.83,0.78,rain,1010.93,12.2,5.99
2013-12-04,8.91,2.35,0.56,2.87,0.77,rain,1029.19,12.25,2.22
2013-03-15,8.27,2.99,0.65,5.82,0.81,rain,1007.6,12.36,2.72
2013-03-22,5.01,2.59,0.69,7.92,0.79,rain,1009.8,6.1,0.38
2013-11-19,6.78,0.6,0.19,3.57,0.74,rain,1013.76,13.5,-0.34
2013-07-04,24.62,12.63,0.29,0.63,0.65,rain,1028.43,13.18,11.66
2013-10-23,16.91,6.83,0.36,2.1,0.86,rain,1013.45,12.05,9.37
2013-12-13,11.73,8.15,0.51,3.44,0.85,rain,1019.67,9.45,7.79
2013-07-19,22.49,16.34,0.51,4.37,0.74,rain,1023.47,12.42,14.4
2013-08-29,24.03,15.34,0.31,3.91,0.64,rain,1019.63,12.78,12.18
2013-12-25,7.19,3.74,0.03,2.47,0.85,rain,984.66,12.36,2.57
2013-09-29,18.81,13.21,0.37,3.68,0.79,rain,1006.77,12.6,11.64
2013-09-18,15.84,8.33,0.49,3.76,0.84,rain,1010.33,11.99,9.46
2013-07-09,23.19,13.36,0.22,3.88,0.64,rain,1025.5,13.39,11.16
2013-09-24,20.87,13.67,0.36,0.51,0.86,rain,1011.86,3.75,14.34
2013-12-07,8.72,6.55,0.47,3.71,0.85,rain,1026.6,11.78,5.06
2013-09-13,13.85,9.3,0.69,2.95,0.89,rain,1015.54,9.64,9.98
2013-01-18,1.33,-1.93,0.67,5.2,0.85,snow,1004.05,6.41,-2.88
2013-06-05,20.88,8.73,0.23,4.28,0.68,rain,1021.53,13.34,8.33
2013-11-12,13.11,6.08,0.56,2.26,0.85,rain,1026.13,9.91,8.19
2013-03-05,16.06,1.87,0.12,1.6,0.74,rain,1004.57,8.11,3.28
2013-03-19,7.72,2.81,0.59,1.56,0.83,rain,997.51,8.32,1.92
2013-04-14,15.43,10.08,0.42,5.4,0.72,rain,1016.86,12.96,7.8
2013-08-27,23.38,12.45,0.37,0.85,0.69,rain,1022.24,11.52,11.23
2013-01-27,10.26,4.72,0.43,6.6,0.77,rain,997.84,12.01,4.08
2013-06-09,14.56,10.61,0.95,1.67,0.68,rain,1015.7,12.55,6.35
2013-09-03,27.04,14.09,0.1,1.86,0.75,rain,1021.14,11.2,14.8
2013-04-20,14.12,1.46,0.28,2.14,0.64,rain,1021.92,12.79,0.96
2013-02-07,5.53,1.24,0.39,3.57,0.71,rain,1017.82,12.49,-1.83
2013-11-16,9.14,1.38,0.35,1.4,0.87,rain,1031.84,9.66,3.66
2013-03-16,7.51,5.79,0.69,6.75,0.85,rain,996.08,12.13,4.27
2013-09-11,18.02,12.58,0.72,1.24,0.87,rain,1019.29,9.24,12.51
2013-11-15,9.25,3.33,0.27,2.57,0.72,rain,1032.71,13.12,1.52
2013-11-18,9.3,7.37,0.98,1.77,0.92,rain,1010.92,5.39,7.23
2013-03-31,5.88,1.1,0.57,5.5,0.64,rain,1011.52,12.68,-3.45
2013-04-29,13.71,5.94,0.22,2.84,0.62,rain,1024.5,13.15,2.28
2013-12-16,12.89,7.95,0.88,5.57,0.89,rain,1016.66,10.36,9.68
2013-03-17,7.3,2.36,0.64,2.1,0.88,rain,990.34,11.52,3.16
2013-05-25,18.82,6.24,0.34,2.79,0.55,rain,1018.43,14.76,3.14
2013-12-21,11.95,9.41,0.86,8.91,0.86,rain,1012.62,9.66,8.34
2013-10-12,11.47,8.87,0.58,3.78,0.92,rain,1010.8,9.38,8.92
2013-09-06,17.7,11.39,0.26,3.43,0.75,rain,1013.82,12.6,9.56
2013-06-04,19.64,8.96,0.56,3.59,0.71,rain,1021.53,13.31,8.12
2013-02-22,1.36,0.2,0.81,4.79,0.63,snow,1020.5,13.04,-5.38
2013-01-09,9.21,1.77,0.52,0.93,0.9,rain,1021.19,8.64,5.61
2013-01-13,3.48,1.04,0.6,3.13,0.74,rain,1018.81,12.46,-1.76
2013-11-10,9.22,2.58,0.18,2.61,0.79,rain,1015.79,12.68,2.49
2013-12-01,9.42,2.43,0.55,1.02,0.83,rain,1032.9,11.59,3.48
2013-06-15,17.34,11.46,0.42,3.05,0.71,rain,1013.64,12.62,8.74
2013-07-23,26.24,15.59,0.34,3.59,0.67,rain,1014.24,12.89,14.13
2013-09-12,18.09,14.78,1.0,0.97,0.95,rain,1017.09,5.91,15.51
2013-03-03,7.83,-1.14,0.58,2.2,0.8,rain,1023.52,10.12,0.26
2013-05-30,21.68,11.27,0.54,3.45,0.72,rain,1017.87,10.59,10.44
2013-05-11,14.81,6.04,0.44,5.33,0.76,rain,1014.56,12.05,5.66
2013-06-11,16.96,14.16,0.93,5.94,0.86,rain,1011.39,10.86,13.22
2013-04-27,11.59,1.61,0.27,3.27,0.64,rain,1017.0,12.49,0.63
2013-06-21,17.54,12.01,0.67,6.78,0.81,rain,1007.11,11.33,11.12
2013-09-27,18.36,12.43,0.17,4.46,0.81,rain,1009.88,9.78,11.73
2013-08-05,22.11,12.23,0.41,1.35,0.68,rain,1015.69,13.53,10.77
2013-02-26,4.93,2.98,0.86,4.34,0.91,rain,1032.15,3.48,2.55
2013-04-30,16.32,4.42,0.26,2.95,0.62,rain,1024.26,12.7,1.83
2013-04-05,9.87,0.64,0.23,2.75,0.63,rain,1023.34,13.02,-2.24
2013-12-15,12.54,8.11,0.68,6.12,0.91,rain,1019.25,9.14,9.59
2013-02-19,10.12,-1.43,0.11,0.4,0.79,rain,1019.55,6.95,0.3
2013-03-29,5.31,-0.52,0.59,3.52,0.63,rain,1010.88,13.45,-4.23
2013-06-03,20.07,7.64,0.27,4.16,0.6,rain,1027.0,14.65,6.01
2013-07-17,27.56,17.5,0.18,3.24,0.6,rain,1026.15,14.02,13.54
2013-08-03,22.98,14.79,0.43,4.52,0.7,rain,1019.02,12.67,12.82
2013-05-17,14.56,9.12,0.59,1.94,0.67,rain,1008.08,11.93,5.68
2013-08-17,22.42,15.92,0.57,4.45,0.73,rain,1009.48,12.76,13.61
2013-01-15,2.38,-0.83,0.58,3.28,0.85,rain,1008.99,11.41,-0.89
2013-06-02,18.66,7.24,0.26,2.84,0.66,rain,1031.47,13.28,6.34
2013-03-02,4.69,0.63,0.66,2.02,0.72,rain,1027.67,13.05,-1.48
2013-03-07,9.63,7.43,0.68,2.2,0.93,rain,996.96,2.78,7.51
2013-04-04,7.34,1.88,0.63,5.89,0.61,rain,1015.19,13.08,-3.08
2013-05-27,12.13,9.78,0.67,1.48,0.86,rain,1000.65,9.37,8.67
2013-04-18,11.95,6.17,0.47,2.33,0.69,rain,1025.56,13.12,3.68
2013-05-15,15.13,4.17,0.36,1.64,0.74,rain,999.92,10.93,4.78
2013-10-16,17.29,11.82,0.26,4.15,0.84,rain,1013.27,12.36,11.19
2013-04-28,13.41,7.98,0.45,4.51,0.59,rain,1016.36,13.18,2.25
2013-02-20,4.88,1.83,0.68,4.86,0.78,rain,1023.08,8.93,-0.48
2013-04-23,19.35,9.45,0.33,3.03,0.74,rain,1023.67,11.96,9.87
2013-04-08,8.81,3.45,0.7,3.87,0.83,rain,997.5,6.66,3.41
2013-11-08,11.0,5.29,0.5,2.0,0.9,rain,1005.53,12.1,6.02
2013-08-16,20.22,14.12,0.57,5.13,0.82,rain,1012.65,11.1,13.68
2013-12-09,11.01,5.06,0.32,2.69,0.89,rain,1028.84,10.73,5.74
2013-05-24,14.87,5.64,0.32,3.46,0.67,rain,1020.26,12.21,3.72
2013-01-23,2.82,1.38,0.75,4.23,0.82,rain,1007.72,7.69,-0.68
2013-11-01,13.97,11.48,0.55,2.95,0.89,rain,1008.97,11.57,10.82
2013-03-14,6.56,-0.91,0.27,1.81,0.67,rain,1015.57,10.54,-3.24
2013-05-05,20.99,10.48,0.22,1.13,0.63,rain,1020.13,13.5,8.15
2013-05-26,17.28,6.32,0.29,4.34,0.58,rain,1009.15,13.63,4.06
2013-10-26,15.87,11.66,0.32,7.05,0.81,rain,996.66,11.18,10.34
2013-05-12,14.06,7.45,0.61,6.61,0.68,rain,1011.68,11.93,5.51
2013-08-06,21.49,14.97,0.37,2.95,0.64,rain,1014.33,13.49,10.71
2013-10-04,17.94,13.67,0.49,1.58,0.87,rain,1019.72,11.91,13.26
2013-09-21,18.84,14.25,0.69,1.96,0.9,rain,1027.75,10.57,15.16
2013-01-10,3.43,1.16,0.7,1.55,0.94,rain,1015.8,5.21,1.46
2013-10-10,13.16,8.66,0.77,5.86,0.86,rain,1017.55,10.25,8.97
2013-03-26,1.75,0.77,0.69,4.99,0.65,rain,1013.39,12.81,-4.69
2013-01-03,11.41,9.65,0.66,4.36,0.91,rain,1032.61,11.89,9.12
2013-10-29,12.38,6.86,0.25,4.77,0.77,rain,1010.58,13.66,5.21
2013-10-09,11.82,7.6,0.45,6.07,0.68,rain,1018.36,12.41,3.67
2013-02-08,5.59,0.81,0.41,3.08,0.78,rain,1019.29,10.54,-0.32
2013-04-10,11.3,5.93,0.69,2.28,0.9,rain,997.1,6.07,6.18
2013-10-28,16.06,9.0,0.49,7.68,0.81,rain,992.5,11.2,9.18
2013-07-30,23.56,16.49,0.55,4.47,0.8,rain,1015.34,11.97,15.78
2013-05-01,16.96,5.43,0.2,2.9,0.43,rain,1022.7,15.34,-1.68
2013-04-19,13.14,2.88,0.16,2.21,0.66,rain,1032.63,12.07,1.01
2013-08-19,23.53,12.16,0.37,1.6,0.6,rain,1027.38,15.13,9.7
2013-10-21,18.03,13.79,0.44,4.84,0.86,rain,997.55,11.67,14.21
2013-08-25,24.32,16.37,0.38,2.65,0.69,rain,1018.33,11.27,13.13
2013-07-13,27.83,17.28,0.27,0.86,0.61,rain,1023.66,12.5,14.39
2013-12-17,7.4,4.61,0.6,1.29,0.9,rain,1021.59,9.61,4.36
2013-10-22,16.53,9.99,0.34,5.29,0.8,rain,998.6,12.42,10.86
2013-11-05,12.39,4.41,0.56,3.96,0.83,rain,994.74,12.1,5.82
2013-02-18,7.65,1.16,0.33,2.86,0.83,rain,1020.42,7.23,1.32
2013-10-24,18.47,13.16,0.47,4.14,0.86,rain,1005.16,10.91,13.26
2013-07-26,27.28,14.82,0.26,0.63,0.68,rain,1006.91,11.96,13.92
2013-06-10,16.96,8.16,0.61,3.0,0.83,rain,1013.81,10.46,10.87
2013-02-13,3.09,0.6,0.68,3.48,0.73,rain,1021.27,6.92,-2.72
2013-02-02,5.56,1.48,0.43,4.97,0.71,rain,1015.47,13.42,-0.82
2013-06-14,16.27,11.01,0.42,6.04,0.74,rain,1008.6,12.18,9.15
2013-10-19,17.04,12.16,0.42,4.29,0.89,rain,1005.32,11.57,12.21
2013-02-10,4.73,1.06,0.84,4.86,0.93,rain,999.65,7.07,2.29
2013-01-29,13.09,9.76,0.69,7.22,0.89,rain,1003.25,10.88,9.99
2013-05-09,17.17,10.2,0.63,6.74,0.72,rain,1010.14,12.39,7.43
2013-05-20,16.22,12.01,0.79,4.21,0.78,rain,1015.56,10.78,9.39
2013-04-01,7.71,0.04,0.2,5.5,0.57,rain,1014.63,13.02,-4.69
2013-08-26,22.78,12.82,0.23,1.89,0.69,rain,1018.6,11.3,10.67
2013-02-03,9.12,0.11,0.55,4.32,0.82,rain,1018.69,13.12,2.24
2013-06-30,19.78,13.89,0.44,3.94,0.63,rain,1017.04,12.73,9.34
2013-03-01,6.62,2.58,0.83,3.77,0.78,rain,1029.18,10.27,0.98
2013-02-15,9.76,2.27,0.41,2.49,0.77,rain,1019.7,13.04,2.22
2013-09-15,14.08,8.24,0.31,5.55,0.67,rain,1002.85,13.55,5.26
2013-10-31,13.11,11.61,0.74,4.42,0.89,rain,1016.56,11.36,10.68
2013-07-11,23.92,12.01,0.39,1.84,0.7,rain,1025.08,13.73,11.49
2013-10-03,20.82,15.23,0.62,4.04,0.87,rain,1009.01,11.68,15.39
2013-01-24,2.23,-0.11,0.8,2.07,0.79,rain,1016.41,10.32,-1.81
2013-08-13,22.04,11.04,0.39,2.79,0.78,rain,1022.81,12.23,12.3
2013-08-23,19.51,14.94,0.56,2.57,0.9,rain,1010.79,5.58,15.99
2013-10-25,16.66,14.34,0.49,6.35,0.85,rain,1004.52,11.31,12.75
2013-04-21,14.32,6.91,0.66,4.12,0.74,rain,1016.11,12.04,5.68
2013-07-07,25.18,14.99,0.14,3.92,0.65,rain,1032.66,13.5,12.9
2013-07-01,17.5,11.84,0.6,3.08,0.72,rain,1011.64,13.13,9.93
2013-12-26,7.64,2.87,0.49,2.27,0.92,rain,995.06,9.8,2.86
2013-11-26,7.23,2.93,0.47,2.17,0.72,rain,1038.71,12.63,0.86
2013-10-02,18.45,14.03,0.43,3.37,0.93,rain,1008.9,7.03,14.91
2013-11-27,10.32,5.78,0.88,1.35,0.89,rain,1033.95,6.76,6.37
2013-04-17,14.11,8.48,0.35,8.12,0.64,rain,1013.1,12.81,4.05
2013-10-13,11.34,8.62,0.66,3.71,0.91,rain,1007.43,9.69,8.1
2013-06-23,16.1,10.62,0.52,4.16,0.66,rain,1021.79,12.89,7.04
2013-06-29,25.17,14.92,0.32,4.28,0.67,rain,1021.6,12.7,13.17
2013-11-22,7.89,3.52,0.27,4.31,0.76,rain,1017.66,12.36,1.52
2013-08-30,19.87,14.22,0.12,3.37,0.6,rain,1025.01,13.86,8.51
2013-06-28,21.19,13.42,0.35,3.36,0.61,rain,1022.39,13.23,9.2
2013-09-10,16.49,12.47,0.75,4.01,0.77,rain,1020.96,11.72,9.98
2013-06-25,20.61,10.14,0.42,1.98,0.64,rain,1029.89,13.53,8.75
2013-11-13,9.94,2.11,0.45,2.3,0.82,rain,1032.0,12.99,3.22
2013-03-25,1.81,0.71,0.68,5.95,0.65,rain,1014.28,12.76,-4.59
2013-01-12,4.53,1.75,0.57,4.76,0.83,rain,1012.97,10.03,0.79
2013-01-20,0.08,-1.45,0.85,3.18,0.91,snow,994.89,5.1,-1.87
2013-04-24,22.08,11.38,0.27,3.2,0.72,rain,1020.93,10.17,10.36
2013-08-10,22.76,15.42,0.45,3.8,0.62,rain,1018.13,13.97,10.78
2013-11-11,12.63,2.53,0.65,3.65,0.91,rain,1022.52,7.81,7.8
2013-01-14,2.94,-0.41,0.59,2.08,0.88,rain,1011.47,9.66,-0.61
2013-09-01,24.94,11.88,0.33,3.28,0.7,rain,1027.0,14.03,12.37
2013-02-12,2.24,1.14,0.86,2.87,0.76,rain,1015.13,7.32,-2.12
2013-04-13,19.88,11.49,0.45,6.56,0.7,rain,1013.12,12.36,9.24
2013-02-04,10.2,6.48,0.5,6.82,0.71,rain,1012.2,13.0,3.74
2013-01-02,10.82,3.31,0.61,3.72,0.91,rain,1023.12,11.35,5.41
2013-12-20,10.42,2.63,0.36,5.52,0.79,rain,1018.73,13.82,3.15
2013-05-14,13.64,7.0,0.71,5.86,0.71,rain,994.19,11.97,4.12
2013-05-16,11.3,7.2,0.6,2.35,0.76,rain,1005.87,11.54,5.77
2013-09-20,18.18,10.33,0.56,2.8,0.87,rain,1024.26,10.83,12.37
2013-06-20,20.38,14.11,0.55,3.59,0.81,rain,1010.05,10.03,13.56
2013-06-07,17.06,9.16,0.36,5.44,0.69,rain,1021.44,12.44,7.26
2013-07-22,27.13,19.29,0.37,1.84,0.74,rain,1013.38,12.1,17.61
2013-02-21,2.28,0.86,0.8,5.58,0.59,rain,1023.97,13.24,-5.51
2013-10-30,13.57,4.47,0.33,3.67,0.8,rain,1020.1,13.36,6.24
2013-05-03,16.31,8.05,0.34,5.16,0.64,rain,1017.3,13.24,5.3
2013-12-18,10.29,5.01,0.64,5.85,0.88,rain,1007.83,9.7,6.47
2013-05-21,14.02,9.58,0.74,3.25,0.7,rain,1018.45,11.68,5.89
2013-12-19,9.7,3.68,0.36,3.99,0.78,rain,1002.06,13.89,3.06
2013-03-12,3.86,-1.89,0.54,6.81,0.63,rain,1008.83,12.34,-5.54
2013-10-06,18.57,10.37,0.47,2.43,0.87,rain,1025.51,8.71,12.14
2013-08-15,21.66,16.98,0.51,3.86,0.84,rain,1015.02,11.81,15.74
2013-10-20,17.53,13.26,0.53,4.81,0.87,rain,1005.88,11.25,13.38
2013-04-26,10.36,4.02,0.39,2.7,0.71,rain,1015.1,13.16,1.85
2013-06-12,17.59,12.96,0.78,6.8,0.75,rain,1011.04,11.94,10.14
2013-10-01,19.02,13.62,0.59,3.51,0.87,rain,1010.58,7.87,13.64
2013-08-01,24.64,17.41,0.42,3.89,0.71,rain,1008.75,12.67,15.13
2013-05-07,16.81,11.33,0.52,3.21,0.77,rain,1007.4,9.8,9.65
2013-10-11,14.17,8.46,0.43,2.36,0.83,rain,1018.13,10.62,8.53
2013-05-04,17.79,6.87,0.36,2.26,0.68,rain,1021.76,12.91,7.17
2013-09-16,13.7,8.19,0.61,3.33,0.84,rain,1000.28,11.44,8.37
2013-01-19,0.85,-0.65,0.84,4.16,0.86,snow,997.28,7.53,-1.83
2013-03-08,9.61,8.02,0.83,1.75,0.96,rain,997.56,1.93,8.38
2013-08-28,23.19,14.16,0.31,2.75,0.56,rain,1021.8,11.65,9.62
2013-06-16,20.4,12.87,0.5,4.6,0.66,rain,1014.05,15.08,9.59
2013-02-01,8.03,4.16,0.49,2.83,0.85,rain,1002.38,12.5,3.73
2013-10-07,19.62,13.36,0.55,3.13,0.85,rain,1024.75,10.3,13.79
2013-06-19,20.19,16.22,0.47,1.34,0.81,rain,1012.05,6.71,14.68
2013-04-25,13.28,7.05,0.51,3.42,0.65,rain,1015.24,12.12,3.07
2013-10-18,17.52,13.21,0.52,3.06,0.91,rain,1005.58,11.31,13.38
2013-12-06,7.85,2.73,0.38,3.92,0.7,rain,1027.65,12.67,0.71
2013-03-10,3.45,1.23,0.81,5.05,0.82,rain,1005.94,12.26,-0.37
2013-02-16,10.13,3.7,0.48,1.11,0.7,rain,1023.52,12.97,1.36
2013-07-06,27.28,14.99,0.12,2.5,0.66,rain,1031.56,10.98,13.97
2013-08-08,23.85,15.68,0.48,3.0,0.67,rain,1018.82,12.42,12.55
2013-05-19,16.87,11.38,0.81,3.7,0.84,rain,1011.37,7.31,11.42
2013-07-03,22.89,12.48,0.44,3.97,0.76,rain,1019.37,11.93,13.32
2013-03-11,1.22,-1.57,0.6,8.17,0.73,snow,1007.26,10.83,-4.67
2013-03-30,4.87,0.94,0.66,3.61,0.69,rain,1011.38,13.1,-2.47
2013-04-15,16.55,9.63,0.4,5.75,0.7,rain,1015.5,12.52,6.83
2013-11-25,7.29,4.54,0.73,3.33,0.77,rain,1037.52,12.17,2.08
2013-03-18,7.35,-0.22,0.5,0.73,0.91,rain,991.02,7.97,2.21
2013-03-24,1.53,-0.32,0.83,6.06,0.78,snow,1012.85,9.37,-2.86
2013-05-08,14.28,7.28,0.47,7.13,0.71,rain,1008.69,11.97,5.48
2013-03-06,13.14,7.65,0.17,2.41,0.72,rain,1000.69,8.37,4.95
2013-07-15,29.2,17.03,0.46,0.48,0.56,rain,1022.88,14.87,13.56
2013-02-11,1.88,0.55,0.87,3.36,0.93,rain,999.17,4.36,0.27
2013-03-28,4.08,-0.89,0.5,3.57,0.66,rain,1012.3,11.64,-3.94
2013-06-18,25.56,15.81,0.31,0.95,0.76,rain,1014.65,9.82,15.19
2013-04-07,9.99,3.47,0.36,4.97,0.65,rain,1005.84,10.81,-0.36
2013-12-23,11.95,5.14,0.58,8.48,0.84,rain,998.59,9.98,6.53
2013-05-06,19.82,8.63,0.16,2.07,0.6,rain,1016.51,14.19,6.68
2013-08-02,23.17,15.36,0.34,4.85,0.71,rain,1014.89,12.71,13.17
2013-04-22,20.25,10.02,0.46,3.48,0.68,rain,1019.23,12.5,8.31
2013-07-18,27.27,15.62,0.18,4.26,0.57,rain,1025.17,15.16,12.44
2013-02-17,9.49,2.16,0.33,2.79,0.84,rain,1021.74,7.26,1.91
2013-11-30,8.38,3.53,0.5,3.68,0.73,rain,1027.3,12.46,2.1
2013-01-22,2.82,-3.73,0.53,3.44,0.88,rain,1001.55,6.31,-1.46
2013-09-25,18.88,13.12,0.51,3.1,0.79,rain,1016.43,10.07,11.82
2013-11-02,15.08,10.27,0.43,4.55,0.82,rain,998.6,9.46,8.58
2013-04-11,11.51,7.09,0.54,3.04,0.87,rain,997.53,11.62,6.92
2013-12-08,11.24,5.09,0.35,4.56,0.83,rain,1025.35,12.87,5.36
2013-11-28,9.9,8.08,0.96,1.23,0.87,rain,1034.64,6.34,6.94
2013-11-04,9.98,4.78,0.29,2.94,0.82,rain,991.64,11.14,4.38
2013-03-04,8.99,2.14,0.27,3.66,0.78,rain,1013.74,7.02,0.86
2013-12-31,10.36,5.77,0.59,4.72,0.85,rain,1004.27,12.13,5.77
2013-11-03,11.43,7.56,0.22,5.3,0.74,rain,998.64,11.99,4.57
2013-01-08,11.23,9.02,0.76,3.71,0.87,rain,1024.17,11.73,7.77
2013-05-28,12.79,8.38,0.76,2.14,0.87,rain,1004.27,9.24,8.79
2013-02-14,10.59,4.07,0.55,2.96,0.81,rain,1011.45,10.56,4.54
2013-08-12,19.8,11.46,0.43,3.63,0.69,rain,1021.59,13.5,9.51
2013-07-14,29.3,17.96,0.4,0.84,0.45,rain,1023.14,14.66,9.74
2013-12-11,6.4,2.06,0.03,1.45,0.93,rain,1029.46,3.48,2.51
2013-01-07,9.08,7.1,0.84,3.27,0.92,rain,1026.88,9.7,6.78
2013-08-31,21.07,10.17,0.33,3.36,0.63,rain,1029.46,14.79,8.36
2013-05-31,17.34,10.77,0.38,3.35,0.65,rain,1022.85,12.7,7.56
2013-05-18,17.85,8.91,0.32,2.12,0.7,rain,1011.12,11.1,7.71
2013-09-26,16.99,10.58,0.36,3.45,0.8,rain,1016.27,13.39,10.18
2013-04-09,10.59,2.98,0.61,1.07,0.79,rain,1003.54,4.44,3.18
2013-02-25,4.39,1.74,0.84,4.8,0.83,rain,1026.97,9.78,0.51
2013-06-06,19.64,10.02,0.38,4.3,0.66,rain,1023.0,14.39,8.24
2013-08-09,21.73,14.1,0.49,2.82,0.57,rain,1021.99,14.42,8.98
2013-01-17,2.88,-3.86,0.31,1.01,0.83,rain,1017.44,9.64,-2.88
2013-03-20,5.87,2.37,0.78,2.37,0.86,rain,1006.74,5.73,1.59
2013-09-28,17.36,13.44,0.45,4.76,0.79,rain,1006.89,12.25,11.37
2013-12-02,9.42,6.59,0.86,1.36,0.79,rain,1033.95,10.7,4.41
2013-09-14,15.36,6.72,0.41,4.65,0.86,rain,1010.26,9.93,9.32
2013-09-09,16.65,9.38,0.64,4.22,0.77,rain,1020.2,11.54,8.89
2013-02-06,6.16,2.86,0.61,6.04,0.75,rain,1006.64,13.23,0.5
2013-11-29,10.18,6.56,0.62,4.4,0.77,rain,1026.65,11.02,4.59
2013-11-21,7.91,3.12,0.48,4.83,0.78,rain,1004.26,11.96,1.82
2013-08-11,20.39,13.57,0.41,3.6,0.61,rain,1016.89,14.11,8.99
2013-12-24,11.93,5.43,0.4,6.67,0.81,rain,979.52,10.86,5.42
2013-01-16,-0.06,-2.32,0.48,0.93,0.91,snow,1013.33,4.12,-2.6
2013-07-12,29.16,15.01,0.11,0.86,0.67,rain,1023.97,12.65,15.26
2013-11-17,9.57,8.28,1.0,0.87,0.87,rain,1024.24,6.41,6.73
2013-05-02,19.71,4.48,0.34,2.71,0.56,rain,1019.76,14.76,3.28
2013-08-24,22.74,13.18,0.5,2.66,0.83,rain,1012.96,10.07,14.34
2013-03-27,3.82,-0.29,0.48,3.95,0.64,rain,1011.63,12.86,-4.47
2013-06-13,18.81,9.13,0.45,4.12,0.69,rain,1016.14,13.05,8.18
2013-04-12,11.42,4.92,0.57,4.42,0.87,rain,1011.09,11.06,7.01
2013-08-14,23.46,16.64,0.55,4.44,0.79,rain,1018.77,10.88,15.78
2013-07-24,25.13,16.63,0.45,3.05,0.74,rain,1012.93,12.1,15.38
2013-01-31,9.94,7.12,0.35,7.3,0.74,rain,1012.39,12.89,4.39
2013-03-23,3.06,0.92,0.85,6.42,0.92,rain,1009.85,3.73,0.43
2013-11-24,8.02,5.06,0.77,3.55,0.78,rain,1030.42,11.78,3.17
2013-10-15,14.87,6.76,0.44,1.84,0.91,rain,1010.46,7.15,8.97
2013-11-07,14.7,7.37,0.66,2.89,0.83,rain,1006.38,13.9,7.44
2013-10-17,17.16,10.5,0.49,2.76,0.91,rain,1014.16,8.75,12.04
2013-07-29,20.91,15.64,0.49,3.99,0.86,rain,1013.58,11.12,15.21
2013-01-28,10.54,3.02,0.47,5.95,0.84,rain,1005.47,11.91,4.14
2013-12-05,10.29,1.08,0.44,6.12,0.73,rain,1023.72,13.37,0.94
2013-04-06,10.37,-1.21,0.4,2.04,0.62,rain,1020.37,11.84,-2.76
2013-05-29,14.69,10.79,0.94,3.44,0.86,rain,1010.33,8.71,10.28
2013-07-28,22.36,16.48,0.55,5.42,0.75,rain,1011.33,12.3,14.19
2013-04-02,4.09,0.48,0.45,5.84,0.64,rain,1017.4,13.1,-3.7
2013-07-16,30.28,17.14,0.23,1.24,0.54,rain,1023.84,14.52,13.46
2013-07-31,32.4,16.98,0.2,3.68,0.65,rain,1009.49,14.08,16.92
2013-02-09,3.68,1.58,0.7,0.68,0.86,rain,1018.79,10.38,0.73
2013-01-26,7.56,2.37,0.51,3.61,0.86,rain,1006.45,10.27,2.87
2013-12-29,7.56,0.72,0.12,3.07,0.84,rain,1014.89,14.08,1.34
2013-08-18,22.02,12.68,0.27,3.25,0.59,rain,1019.36,14.13,9.32
2013-07-02,19.69,14.31,0.83,3.67,0.79,rain,1008.35,11.86,13.0
2013-02-27,6.11,2.33,0.69,4.4,0.83,rain,1034.17,8.92,0.84
2013-03-09,8.01,3.88,0.84,2.52,0.9,rain,1002.41,5.68,4.62
2013-07-05,26.47,13.48,0.12,1.34,0.63,rain,1029.5,12.89,12.57
2013-12-30,10.22,6.4,0.55,6.58,0.83,rain,1010.88,11.35,5.98
2013-03-13,6.42,1.14,0.37,3.65,0.73,rain,1010.59,13.04,-1.54
2013-12-03,7.22,3.66,0.97,0.96,0.72,rain,1029.5,11.99,1.56
2013-06-17,20.33,13.33,0.4,0.97,0.78,rain,1014.27,10.81,13.19
2013-01-05,10.66,7.84,0.72,3.15,0.92,rain,1035.16,9.58,7.82
2013-06-01,18.83,9.72,0.27,2.4,0.59,rain,1028.53,13.42,5.82
2013-09-02,23.92,14.04,0.33,0.5,0.76,rain,1027.04,12.67,14.63
2013-09-07,16.86,9.13,0.37,2.74,0.8,rain,1017.99,12.57,8.91
2013-08-04,22.72,16.23,0.54,3.13,0.76,rain,1012.36,12.59,14.37
2013-02-05,6.44,2.16,0.48,7.3,0.73,rain,1000.03,12.84,-0.18
2013-08-22,26.03,16.34,0.11,3.34,0.75,rain,1014.88,9.96,15.58
2013-03-21,6.27,1.18,0.61,4.73,0.75,rain,1015.96,10.8,-0.18
2013-10-05,19.19,8.76,0.41,1.53,0.82,rain,1025.61,11.14,10.39
2013-11-06,14.87,9.31,0.62,4.86,0.88,rain,999.46,10.19,9.99
2013-04-16,17.95,9.66,0.54,5.53,0.77,rain,1014.48,10.8,9.18
2013-01-30,12.56,7.51,0.44,7.85,0.77,rain,1006.93,11.88,5.96
2013-12-27,10.99,7.47,0.37,7.86,0.75,rain,986.81,11.43,4.83
2013-01-06,8.61,6.91,0.67,2.23,0.96,rain,1032.19,5.5,7.0
2013-11-20,6.38,-1.27,0.52,3.41,0.85,rain,1003.95,12.18,0.72
2013-07-27,23.14,15.34,0.44,5.02,0.73,rain,1006.68,11.72,13.99
2013-01-25,2.98,-1.19,0.74,3.2,0.8,snow,1014.52,10.8,-2.16
2013-06-26,19.23,12.2,0.54,2.69,0.69,rain,1026.49,12.13,9.39
2013-06-08,14.17,10.29,0.89,4.59,0.72,rain,1016.69,12.38,7.13
2013-11-23,7.41,3.41,0.46,3.37,0.82,rain,1024.21,11.2,2.72
2013-10-08,16.48,9.04,0.55,3.89,0.76,rain,1019.97,12.46,9.58
2013-09-17,15.18,10.77,0.61,3.44,0.78,rain,1003.41,11.18,8.8
2013-01-21,1.17,-1.98,0.68,1.22,0.9,snow,994.61,8.14,-1.86
2013-10-14,12.58,8.75,0.45,2.97,0.88,rain,1010.38,9.27,8.44
2013-07-21,32.16,17.21,0.28,1.62,0.63,rain,1016.02,11.3,15.81
2013-05-23,8.21,5.43,0.65,2.24,0.84,rain,1009.4,11.89,4.4
2013-12-10,9.03,2.06,0.23,1.35,0.91,rain,1031.32,4.49,3.99
2013-09-30,17.28,11.76,0.54,4.02,0.82,rain,1009.02,9.11,11.33
2013-11-14,9.62,5.18,0.32,4.6,0.74,rain,1023.75,13.18,3.61
2013-06-24,18.76,11.26,0.42,1.95,0.57,rain,1028.61,14.24,6.54
2013-02-23,1.74,0.19,0.83,3.92,0.68,rain,1020.81,11.64,-4.22
2013-09-08,10.63,9.2,0.03,1.61,0.88,rain,1018.08,10.3,8.26
2013-12-28,7.81,2.86,0.11,3.17,0.77,rain,997.47,13.45,1.72
2014-01-12,8.91,0.38,0.46,3.25,0.9,rain,1016.63,8.27,2.78
2014-01-24,8.01,2.76,0.54,2.43,0.83,rain,1013.91,11.99,2.88
2014-01-14,6.82,2.05,0.29,2.5,0.81,rain,1004.33,13.08,1.69
2014-02-23,11.94,8.67,0.66,7.1,0.76,rain,1010.37,12.33,6.17
2014-01-19,9.37,3.34,0.33,1.72,0.8,rain,995.52,12.54,3.55
2014-01-28,9.12,5.03,0.61,4.32,0.83,rain,985.33,11.94,3.59
2014-02-24,14.23,7.99,0.5,5.02,0.74,rain,1005.19,13.0,6.03
2014-02-13,7.37,4.09,0.36,5.83,0.68,rain,992.43,13.04,-0.01
2014-02-06,9.81,5.86,0.67,4.98,0.82,rain,989.9,10.53,4.96
2014-02-11,7.51,2.77,0.41,4.62,0.76,rain,996.66,12.39,1.32
2014-01-29,5.46,3.72,0.93,4.25,0.9,rain,993.99,9.53,3.05
2014-01-22,10.02,6.12,0.69,2.13,0.87,rain,1006.71,10.2,5.54
2014-01-31,8.83,1.97,0.73,4.74,0.91,rain,998.51,7.08,3.93
2014-02-16,9.98,2.34,0.13,3.34,0.76,rain,1006.7,12.78,1.76
2014-01-16,10.72,7.27,0.58,5.01,0.83,rain,990.5,11.72,6.13
2014-02-22,11.63,4.72,0.25,4.77,0.71,rain,1009.09,13.07,2.64
2014-01-27,7.95,2.56,0.38,5.29,0.79,rain,989.87,12.68,1.44
2014-02-01,9.72,4.83,0.19,6.97,0.76,rain,990.08,11.6,3.18
2014-02-19,10.13,5.19,0.64,3.29,0.87,rain,1011.57,9.95,5.62
2014-02-05,9.64,5.54,0.73,7.86,0.77,rain,982.2,10.91,4.06
2014-02-09,8.18,4.78,0.52,8.05,0.66,rain,984.71,12.71,0.82
2014-01-05,11.96,1.72,0.44,4.4,0.87,rain,1000.02,11.67,3.88
2014-02-10,8.78,4.08,0.55,1.66,0.84,rain,992.84,11.81,3.01
2014-01-08,11.62,7.37,0.5,4.15,0.85,rain,1011.94,11.99,7.02
2014-01-17,8.47,6.43,0.47,4.68,0.87,rain,990.8,11.7,5.32
2014-01-13,9.72,5.42,0.37,4.0,0.83,rain,1005.09,12.44,4.52
2014-01-15,11.19,6.41,0.77,4.63,0.9,rain,998.57,9.85,7.91
2014-02-14,12.02,3.47,0.67,6.6,0.81,rain,990.31,11.17,3.99
2014-01-25,11.77,5.68,0.44,4.0,0.83,rain,1012.46,8.71,5.34
2014-01-02,10.75,6.54,0.4,4.89,0.82,rain,993.31,12.23,6.02
2014-01-06,12.57,9.34,0.58,8.3,0.78,rain,994.61,10.67,7.64
2014-02-18,10.13,5.85,0.57,3.06,0.87,rain,1008.67,11.49,6.23
2014-02-04,8.88,4.22,0.42,5.3,0.75,rain,996.87,12.05,2.69
2014-01-23,8.44,3.35,0.32,3.98,0.82,rain,1012.39,11.49,2.54
2014-02-20,12.5,6.34,0.61,5.38,0.84,rain,1001.54,10.61,7.23
2014-01-01,11.34,6.59,,7.2,0.86,rain,993.32,9.95,6.78
2014-01-03,10.49,7.01,0.4,7.66,0.78,rain,994.51,10.93,5.08
2014-01-09,12.01,4.86,0.39,6.03,0.77,rain,1006.3,12.63,4.86
2014-02-08,9.13,6.81,0.47,8.53,0.77,rain,979.25,11.2,3.99
2014-02-07,9.81,4.13,0.63,3.98,0.79,rain,988.77,10.85,4.16
2014-01-11,8.59,1.02,0.2,2.68,0.81,rain,1018.51,12.05,3.31
2014-01-21,7.66,1.97,0.37,2.19,0.89,rain,1010.13,6.36,2.76
2014-01-18,9.99,7.58,0.35,4.34,0.83,rain,991.61,11.81,5.81
2014-01-04,9.58,4.06,0.61,4.46,0.84,rain,993.71,11.27,5.21
2014-02-25,11.43,6.79,0.62,5.69,0.78,rain,1000.65,12.09,5.06
2014-02-03,7.99,4.97,0.47,4.92,0.79,rain,1003.89,12.5,2.86
2014-02-28,7.35,3.43,0.67,2.24,0.86,rain,998.92,10.8,3.11
2014-02-21,10.15,3.59,0.22,5.42,0.72,rain,1003.42,13.31,1.83
2014-01-07,11.38,8.98,0.59,7.3,0.78,rain,1003.19,11.36,6.63
2014-02-26,11.29,4.17,0.26,3.82,0.73,rain,1012.73,13.0,2.74
2014-01-20,8.44,1.3,0.17,0.2,0.89,rain,1007.71,9.64,2.59
2014-02-02,9.3,5.79,0.22,4.75,0.72,rain,1005.39,12.89,2.63
2014-01-10,10.14,2.68,0.4,3.56,0.85,rain,1014.26,13.0,4.11
2014-02-17,10.67,4.89,0.56,4.07,0.83,rain,1007.8,10.32,5.02
2014-01-30,5.94,3.0,0.81,1.52,0.91,rain,1001.76,6.63,3.08
2014-01-26,9.03,3.26,0.4,4.55,0.79,rain,1002.1,11.97,2.39
2014-02-27,10.31,3.93,0.32,4.14,0.74,rain,1007.02,12.04,3.08
2014-02-12,8.83,3.03,0.59,7.24,0.75,rain,994.27,11.8,1.94
2014-02-15,9.9,5.38,0.35,9.96,0.69,rain,988.63,12.38,2.95
